-- --------------------------------------------------------
-- Host:                         127.0.0.1
-- Versión del servidor:         5.5.27 - MySQL Community Server (GPL)
-- SO del servidor:              Win32
-- HeidiSQL Versión:             8.2.0.4675
-- --------------------------------------------------------

/*!40101 SET @OLD_CHARACTER_SET_CLIENT=@@CHARACTER_SET_CLIENT */;
/*!40101 SET NAMES utf8 */;
/*!40014 SET @OLD_FOREIGN_KEY_CHECKS=@@FOREIGN_KEY_CHECKS, FOREIGN_KEY_CHECKS=0 */;
/*!40101 SET @OLD_SQL_MODE=@@SQL_MODE, SQL_MODE='NO_AUTO_VALUE_ON_ZERO' */;
-- Volcando datos para la tabla logomex.choferes: ~48 rows (aproximadamente)
DELETE FROM `choferes`;
/*!40000 ALTER TABLE `choferes` DISABLE KEYS */;
INSERT INTO `choferes` (`id`, `nombre`, `apellidos`, `telefono`, `activo`) VALUES
	(1, 'ENOC', 'MORALES', '', 1),
	(2, 'WILLIAM', 'MAGAÑA', '', 1),
	(3, 'LUCIO', 'CERINO', '', 1),
	(4, 'JUAN', 'GERONIMO', '', 1),
	(5, 'MIGUEL', 'DE LOS SANTOS', '', 1),
	(6, 'EDUARDO', 'ZAPATA', '', 1),
	(7, 'ENOC', 'RAMIREZ', '', 1),
	(8, 'ANGEL', 'DAVID', '', 1),
	(9, 'LUICO', 'CERINO', '', 1),
	(10, 'ANGEL', 'DE LA CRUZ', '', 1),
	(11, 'ENRIQUE', 'AGUILAR', '', 1),
	(12, 'SALVADOR', 'MARTINEZ', '', 1),
	(13, 'CIRO', 'GUEVARA', '', 1),
	(14, 'TOMAS', 'SANCHEZ', '', 1),
	(15, 'ANTONIO', 'DE LA CRUZ', '', 1),
	(16, 'ARTURO', 'IZQUIERDO', '', 1),
	(17, 'RUL', 'DE LOS SANTOS', '', 1),
	(18, 'ANOTNIO', 'CALDERON', '', 1),
	(19, 'FRANCISCO', 'RUIZ', '', 1),
	(20, 'DANIEL', 'LOPEZ', '', 1),
	(21, 'RAUL', 'DE LOS SANTOS', '', 1),
	(22, 'GUILLERMO', 'DELGADO', '', 1),
	(23, 'JOSE', 'FRANCISCO', '', 1),
	(24, 'ANDRES', 'DE LA O', '', 1),
	(25, 'BERNARDO', 'CERINO', '', 1),
	(26, 'JOSE', 'MANUEL', '', 1),
	(27, 'FRANCISCO', 'SOLIS', '', 1),
	(28, 'DORILIAN', 'JIMENEZ', '', 1),
	(29, 'DENISS', 'RUIZ', '', 1),
	(30, 'JUAN', 'GONZALEZ', '', 1),
	(31, 'JUAN', 'ALBERTO', '', 1),
	(32, 'ANTONIO', 'MONTEJO', '', 1),
	(33, 'LORENZO', 'GARCIA', '', 1),
	(34, 'JOSE', 'ROBERTO', '', 1),
	(35, 'MIGUEL', 'ANGEL', '', 1),
	(36, 'DENNYS', 'RUIZ', '', 1),
	(37, 'FRANCISCO', 'CORDOVA', '', 1),
	(38, 'SEBASTIAN', 'GALLEGOS', '', 1),
	(39, 'ANTONIO', 'CALDERON', '', 1),
	(40, 'DARWIN', 'MAZARIEGO', '', 1),
	(41, 'JHONATAN', 'MONTEJO', '', 1),
	(42, 'RENE', 'CALDERON', '', 1),
	(43, 'JORGE', 'LEONARDO', '', 1),
	(44, 'OSCAR', 'CUSTODIO', '', 1),
	(45, 'LOREZO', 'GARCIA', '', 1),
	(46, 'GUADALUPE', 'MARTINEZ', '', 1),
	(47, 'TOMAS', 'GALLEGOS', '', 1),
	(48, 'JONATHAN', 'MONTEJO', '', 1);
/*!40000 ALTER TABLE `choferes` ENABLE KEYS */;

-- Volcando datos para la tabla logomex.clientes: ~19 rows (aproximadamente)
DELETE FROM `clientes`;
/*!40000 ALTER TABLE `clientes` DISABLE KEYS */;
INSERT INTO `clientes` (`id`, `nombre`, `descripcion`, `telefono`, `activo`) VALUES
	(1, 'MATYEP', '', '', 1),
	(2, 'NATIONAL', '', '', 1),
	(3, 'ULTRALIS', '', '', 1),
	(4, 'FASE', '', '', 1),
	(5, 'COPSA', '', '', 1),
	(6, 'PATROFAC', '', '', 1),
	(7, 'WTF', '', '', 1),
	(8, 'MEGAMAC', '', '', 1),
	(9, 'GARCIA L.', '', '', 1),
	(10, 'ABAME', '', '', 1),
	(11, 'SURPETROL', '', '', 1),
	(12, 'MI SWACO', '', '', 1),
	(13, 'WL MEXICO', '', '', 1),
	(14, 'NITROPET', '', '', 1),
	(15, 'TESCO', '', '', 1),
	(16, 'SICELUB', '', '', 1),
	(17, 'PARKER', '', '', 1),
	(18, 'PETROFAC', '', '', 1),
	(19, 'SLB', '', '', 1);
/*!40000 ALTER TABLE `clientes` ENABLE KEYS */;

-- Volcando datos para la tabla logomex.contactos: ~193 rows (aproximadamente)
DELETE FROM `contactos`;
/*!40000 ALTER TABLE `contactos` DISABLE KEYS */;
INSERT INTO `contactos` (`id`, `clientes_id`, `nombre`, `telefono`, `extension`, `celular`, `email`, `comentarios`, `activo`) VALUES
	(1, 19, 'WILBHERT PEDRAZA', '', '', 0, '', '', 1),
	(2, 2, 'JOSE ALFREDO VALENCIA', '', '', 0, '', '', 1),
	(3, 19, 'JUAN LUIS PINEDA', '', '', 0, '', '', 1),
	(4, 19, 'EDUARDO VARGAS', '', '', 0, '', '', 1),
	(5, 19, 'HEIDI PEREZ DE LA FUENTE', '', '', 0, '', '', 1),
	(6, 19, 'JAVIER ARCOS', '', '', 0, '', '', 1),
	(7, 19, 'JAVIER RICARDEZ', '', '', 0, '', '', 1),
	(8, 19, 'ENRIQUE LOPEZ TREJO', '', '', 0, '', '', 1),
	(9, 19, 'CESAR BOLAÑOS', '', '', 0, '', '', 1),
	(10, 19, 'CRISTIAN ETHEL HERNANDEZ', '', '', 0, '', '', 1),
	(11, 19, 'PAULO COELO', '', '', 0, '', '', 1),
	(12, 19, 'MANUEL ALVARADO', '', '', 0, '', '', 1),
	(13, 15, 'ROBERTO', '', '', 0, '', '', 1),
	(14, 19, 'MARIA FERNANDA BRINDIS', '', '', 0, '', '', 1),
	(15, 18, 'ANA APARICIO', '', '', 0, '', '', 1),
	(16, 19, 'OSCAR MUÑOS', '', '', 0, '', '', 1),
	(17, 17, 'LUIS MARTINEZ', '', '', 0, '', '', 1),
	(18, 2, 'LUIS E. BELTRAN', '', '', 0, '', '', 1),
	(19, 19, 'JOSE MANUEL ARIAS', '', '', 0, '', '', 1),
	(20, 19, 'CARLOS AUGUSTO BARRERA', '', '', 0, '', '', 1),
	(21, 19, 'WILLIAM HERNANDEZ', '', '', 0, '', '', 1),
	(22, 19, 'MIGUEL OBANDO', '', '', 0, '', '', 1),
	(23, 19, 'ELIAS FIGUERA', '', '', 0, '', '', 1),
	(24, 19, 'HENRY RODRIGUEZ', '', '', 0, '', '', 1),
	(25, 19, 'ANDRES GALERA', '', '', 0, '', '', 1),
	(26, 19, 'JUANA DE LA O', '', '', 0, '', '', 1),
	(27, 19, 'ADOLFO QUEREVALU', '', '', 0, '', '', 1),
	(28, 19, 'CESAR BOLIO', '', '', 0, '', '', 1),
	(29, 19, 'LUIS TIJERINA', '', '', 0, '', '', 1),
	(30, 19, 'RICARDO CABRERA HERNANDEZ', '', '', 0, '', '', 1),
	(31, 19, 'LUIS GOMEZ', '', '', 0, '', '', 1),
	(32, 19, 'MOISES BARRERA', '', '', 0, '', '', 1),
	(33, 19, 'MARIANYIBELL BARRETO', '', '', 0, '', '', 1),
	(34, 19, 'OSCAR MUÑIS', '', '', 0, '', '', 1),
	(35, 19, 'ALONZO GAMERO', '', '', 0, '', '', 1),
	(36, 19, 'ELIAS FIGUERAS', '', '', 0, '', '', 1),
	(37, 19, 'MANUEL GARCIA', '', '', 0, '', '', 1),
	(38, 19, 'HEBERT PALMA', '', '', 0, '', '', 1),
	(39, 19, 'MARCOS BALLESTEROS', '', '', 0, '', '', 1),
	(40, 19, 'ROSA GUADALUPE HERBER', '', '', 0, '', '', 1),
	(41, 19, 'BERNARDO FIGUEROA', '', '', 0, '', '', 1),
	(42, 19, 'TERESA SUAREZ', '', '', 0, '', '', 1),
	(43, 19, 'JUAN MANUEL MENDOZA', '', '', 0, '', '', 1),
	(44, 19, 'CARLOS OLARTE', '', '', 0, '', '', 1),
	(45, 19, 'OMAR SILVA', '', '', 0, '', '', 1),
	(46, 19, 'JAVIER ROMERO', '', '', 0, '', '', 1),
	(47, 19, 'CARLOS CARILLO', '', '', 0, '', '', 1),
	(48, 19, 'GAMALIEL GARCIA', '', '', 0, '', '', 1),
	(49, 19, 'JUAN DEL RIO', '', '', 0, '', '', 1),
	(50, 19, 'JUAN CARLOS GOMEZ', '', '', 0, '', '', 1),
	(51, 19, 'ORACIO MONJARRAS', '', '', 0, '', '', 1),
	(52, 19, 'JAVIER CUEVAS', '', '', 0, '', '', 1),
	(53, 19, 'ISRAEL PALACIOS', '', '', 0, '', '', 1),
	(54, 19, 'DENISS ALBARES', '', '', 0, '', '', 1),
	(55, 19, 'FREDDY ENRIQUE', '', '', 0, '', '', 1),
	(56, 19, 'DAVID LOPEZ', '', '', 0, '', '', 1),
	(57, 19, 'EDGAR LUPIEL', '', '', 0, '', '', 1),
	(58, 19, 'DENNIS ALBARES', '', '', 0, '', '', 1),
	(59, 19, 'JUANITA DE LA O', '', '', 0, '', '', 1),
	(60, 19, 'JESSICA SELLERS', '', '', 0, '', '', 1),
	(61, 19, 'BLADIMIR BECERRA', '', '', 0, '', '', 1),
	(62, 19, 'LUIS RENE CRUZ ESPINO', '', '', 0, '', '', 1),
	(63, 19, 'VERONICA ALBARES DEL C.', '', '', 0, '', '', 1),
	(64, 19, 'ANNER HERNANDEZ', '', '', 0, '', '', 1),
	(65, 19, 'LUIS MARI', '', '', 0, '', '', 1),
	(66, 19, 'VICTORIA ZOTO', '', '', 0, '', '', 1),
	(67, 19, 'MANUEL MENDOSA', '', '', 0, '', '', 1),
	(68, 19, 'JESUS MORENO', '', '', 0, '', '', 1),
	(69, 19, 'EDUARDO SANTILLAN', '', '', 0, '', '', 1),
	(70, 19, 'JOSUE DE LA CRUZ', '', '', 0, '', '', 1),
	(71, 19, 'VICENTE MORALES COLORADO', '', '', 0, '', '', 1),
	(72, 19, 'SANDRA HERNANDEZ', '', '', 0, '', '', 1),
	(73, 19, 'RENE CRUZ', '', '', 0, '', '', 1),
	(74, 19, 'VICTOR ZAMBRANO', '', '', 0, '', '', 1),
	(75, 19, 'ALWIN ROJAS', '', '', 0, '', '', 1),
	(76, 19, 'JESUS GASCA', '', '', 0, '', '', 1),
	(77, 19, 'DEIVY DE LOS SANTOS', '', '', 0, '', '', 1),
	(78, 19, 'ELMER ACAL', '', '', 0, '', '', 1),
	(79, 19, 'SERGIO DEL ANGEL', '', '', 0, '', '', 1),
	(80, 19, 'CARLOS MORA', '', '', 0, '', '', 1),
	(81, 19, 'JESUS DE LA CRUZ', '', '', 0, '', '', 1),
	(82, 19, 'SANDRA GONZALEZ', '', '', 0, '', '', 1),
	(83, 19, 'JOSE MUÑOS', '', '', 0, '', '', 1),
	(84, 19, 'DAVID GUSTAVO', '', '', 0, '', '', 1),
	(85, 19, 'ALONSO GAMERO', '', '', 0, '', '', 1),
	(86, 19, 'SEBASTIAN DE LA CRUZ', '', '', 0, '', '', 1),
	(87, 19, 'JORGE SIGALA', '', '', 0, '', '', 1),
	(88, 19, 'GLORIA ORTEGA', '', '', 0, '', '', 1),
	(89, 19, 'LUIS GUILLEN', '', '', 0, '', '', 1),
	(90, 19, 'DEMOSTENES PEREZ', '', '', 0, '', '', 1),
	(92, 19, 'ALI GIL', '', '', 0, '', '', 1),
	(93, 19, 'MANUEL HERNANDEZ', '', '', 0, '', '', 1),
	(94, 17, 'LUIS REYES', '', '', 0, '', '', 1),
	(95, 18, 'CARLOS COLORADO', '', '', 0, '', '', 1),
	(96, 19, 'VICTOR SAMBRANO', '', '', 0, '', '', 1),
	(97, 19, 'JOSUE DE LA CRUZ LOPEZ', '', '', 0, '', '', 1),
	(98, 19, 'ABRAHAM BRITO', '', '', 0, '', '', 1),
	(99, 19, 'JAVIER SOBREVILLA', '', '', 0, '', '', 1),
	(100, 19, 'ERMES AKAL', '', '', 0, '', '', 1),
	(101, 19, 'HORACIO MONJARRAZ', '', '', 0, '', '', 1),
	(102, 19, 'HUGO MORALES', '', '', 0, '', '', 1),
	(103, 19, 'OCTAVIO ANGULO', '', '', 0, '', '', 1),
	(104, 19, 'JOSE RIOS', '', '', 0, '', '', 1),
	(105, 19, 'ANDREI ZARAGOZA', '', '', 0, '', '', 1),
	(106, 19, 'GUADALUPE', '', '', 0, '', '', 1),
	(107, 19, 'ORACIO MOJARRAS', '', '', 0, '', '', 1),
	(108, 19, 'MIGUEL OVANDO', '', '', 0, '', '', 1),
	(109, 19, 'DANIELA MEDELLIN LOPEZ', '', '', 0, '', '', 1),
	(110, 19, 'JOSE GUADALUPE', '', '', 0, '', '', 1),
	(111, 19, 'FEDERICO PUNTO NET', '', '', 0, '', '', 1),
	(112, 19, 'MAURICIO HURTADO', '', '', 0, '', '', 1),
	(113, 19, 'SERGIO GARCIA', '', '', 0, '', '', 1),
	(114, 19, 'CARLOS MAURICIO HURTADO', '', '', 0, '', '', 1),
	(115, 19, 'RAYMUNDO BAUTISTA', '', '', 0, '', '', 1),
	(116, 19, 'LUIS GILLEN', '', '', 0, '', '', 1),
	(117, 19, 'CARLA GABRIELA ROMO GARZA', '', '', 0, '', '', 1),
	(118, 19, 'MIGUEL HERNANDEZ CHABLE', '', '', 0, '', '', 1),
	(119, 19, 'TRINIDAD SANCHEZ', '', '', 0, '', '', 1),
	(120, 19, 'AUGUSTO GARCIA BORJES', '', '', 0, '', '', 1),
	(121, 13, 'SERGIO', '', '', 0, '', '', 1),
	(122, 19, 'LUIS OCAÑA', '', '', 0, '', '', 1),
	(123, 18, 'ING. CARLOS COLORADO', '', '', 0, '', '', 1),
	(124, 19, 'PAOLA MAY', '', '', 0, '', '', 1),
	(125, 2, 'LUIS BELTRAN', '', '', 0, '', '', 1),
	(126, 19, 'JUAN JOSE MORENO', '', '', 0, '', '', 1),
	(127, 8, 'IVAN ALBARES', '', '', 0, '', '', 1),
	(129, 15, 'GERARDO MALDONADO', '', '', 0, '', '', 1),
	(130, 19, 'CARLOS CHAMARRO', '', '', 0, '', '', 1),
	(131, 2, 'LUIS OSUNA', '', '', 0, '', '', 1),
	(132, 19, 'ADOLFO QUEVEDO', '', '', 0, '', '', 1),
	(133, 19, 'RAUL GASCA', '', '', 0, '', '', 1),
	(134, 19, 'ARMANDO FIGUEROA', '', '', 0, '', '', 1),
	(135, 19, 'JOSE ROBERTO PERALES', '', '', 0, '', '', 1),
	(136, 19, 'DANIEL ROMERO SOL', '', '', 0, '', '', 1),
	(137, 19, 'LEONEL DOMINGUEZ', '', '', 0, '', '', 1),
	(138, 19, 'LUIS NAVARRO', '', '', 0, '', '', 1),
	(139, 19, 'JESUS MANUEL MENDOZA', '', '', 0, '', '', 1),
	(140, 19, 'ODILON LEDEZMA', '', '', 0, '', '', 1),
	(141, 19, 'ISAI CENTENO', '', '', 0, '', '', 1),
	(142, 19, 'JOGE SIGALA', '', '', 0, '', '', 1),
	(143, 19, 'FEDERICO PUNTONET', '', '', 0, '', '', 1),
	(144, 19, 'OCTAVIO PAIRO', '', '', 0, '', '', 1),
	(145, 19, 'JOSE DE LA CRUZ', '', '', 0, '', '', 1),
	(146, 19, 'RENZO MANUEL PAJARO BCO', '', '', 0, '', '', 1),
	(147, 19, 'NOE GONZALEZ', '', '', 0, '', '', 1),
	(148, 19, 'JUESUS GASCA', '', '', 0, '', '', 1),
	(149, 19, 'JESUS RIOS', '', '', 0, '', '', 1),
	(150, 19, 'HERMES ACAL', '', '', 0, '', '', 1),
	(151, 19, 'HEBERT PALMER', '', '', 0, '', '', 1),
	(152, 19, 'GILBERTO BOLAÑOS', '', '', 0, '', '', 1),
	(153, 19, 'LUIS LOPEZ', '', '', 0, '', '', 1),
	(154, 19, 'CARLA ROMO', '', '', 0, '', '', 1),
	(155, 19, 'MIGUEL ANGEL PEREZ ORTEGA', '', '', 0, '', '', 1),
	(156, 19, 'ISAAC IZQUIERDO', '', '', 0, '', '', 1),
	(157, 19, 'MSRCOS BALLESTEROS', '', '', 0, '', '', 1),
	(158, 19, 'JOHANA ESTRADA', '', '', 0, '', '', 1),
	(159, 12, 'LOGISTICA DE MI', '', '', 0, '', '', 1),
	(160, 19, 'REY MANUEL ALVARADO', '', '', 0, '', '', 1),
	(161, 19, 'CARLOS GAMBOA', '', '', 0, '', '', 1),
	(162, 19, 'RICARDO FRICKMAN', '', '', 0, '', '', 1),
	(163, 19, 'YOANA ESTRADA', '', '', 0, '', '', 1),
	(164, 19, 'PEDRO REYES', '', '', 0, '', '', 1),
	(165, 19, 'JOSE GONZALEZ', '', '', 0, '', '', 1),
	(166, 19, 'JAIME TAPIA', '', '', 0, '', '', 1),
	(167, 19, 'ANGELES HERNANDEZ', '', '', 0, '', '', 1),
	(168, 19, 'JUAN PABLO MILLAN', '', '', 0, '', '', 1),
	(169, 19, 'PEDRO MARTINEZ', '', '', 0, '', '', 1),
	(170, 2, 'LUIS', '', '', 0, '', '', 1),
	(171, 19, 'ARIEL JIMENEZ', '', '', 0, '', '', 1),
	(172, 19, 'RENE CRUZ ESPINO', '', '', 0, '', '', 1),
	(173, 19, 'LUPITA', '', '', 0, '', '', 1),
	(174, 19, 'ELIAS FIGURAS', '', '', 0, '', '', 1),
	(175, 19, 'VICTORIA SOTO', '', '', 0, '', '', 1),
	(176, 17, 'LUISA REYES', '', '', 0, '', '', 1),
	(177, 19, 'JHOANA ESTRADA', '', '', 0, '', '', 1),
	(178, 19, 'ERICK CARMONA', '', '', 0, '', '', 1),
	(179, 19, 'GUILLERMO PEREZ', '', '', 0, '', '', 1),
	(180, 18, 'CARLOS LAZARO', '', '', 0, '', '', 1),
	(181, 19, 'FRANCISCO BAEZ GERONIMO', '', '', 0, '', '', 1),
	(182, 19, 'LUIS MUJICA', '', '', 0, '', '', 1),
	(183, 19, 'VICTOTIA SOTO', '', '', 0, '', '', 1),
	(184, 19, 'JESUS CETINA', '', '', 0, '', '', 1),
	(185, 19, 'DENISE', '', '', 0, '', '', 1),
	(186, 19, 'WILBERT PEDRAZA', '', '', 0, '', '', 1),
	(187, 19, 'OCDOMAR CASANOVA', '', '', 0, '', '', 1),
	(188, 19, 'PAULO COELHO', '', '', 0, '', '', 1),
	(189, 12, 'JULIO GARCIA', '', '', 0, '', '', 1),
	(190, 19, 'MANUEL CAÑECAS', '', '', 0, '', '', 1),
	(191, 19, 'JORGE ZIGALA', '', '', 0, '', '', 1),
	(192, 7, 'SANTIAGO LAGUNAS', '', '', 0, '', '', 1),
	(193, 19, 'EDGAR LUPIAN', '', '', 0, '', '', 1),
	(194, 19, 'OSCAR ALBA', '', '', 0, '', '', 1),
	(195, 19, 'JUVENAL ESCAREÑO', '', '', 0, '', '', 1);
/*!40000 ALTER TABLE `contactos` ENABLE KEYS */;

-- Volcando datos para la tabla logomex.envios: ~0 rows (aproximadamente)
DELETE FROM `envios`;
/*!40000 ALTER TABLE `envios` DISABLE KEYS */;
/*!40000 ALTER TABLE `envios` ENABLE KEYS */;

-- Volcando datos para la tabla logomex.segmento: ~32 rows (aproximadamente)
DELETE FROM `segmento`;
/*!40000 ALTER TABLE `segmento` DISABLE KEYS */;
INSERT INTO `segmento` (`id`, `clientes_id`, `nombre`, `descripcion`) VALUES
	(1, 19, 'ESTIMULACIONES', NULL),
	(2, 19, 'OPTIMAL', NULL),
	(3, 19, 'WIRLINE', NULL),
	(4, 19, 'TESTING Y LINEA DE ACERO', NULL),
	(5, 19, 'WELLSERVICES', NULL),
	(6, 19, 'COMPLITIONS', NULL),
	(7, 19, 'CANCELADO', NULL),
	(8, 19, 'WIS', NULL),
	(9, 19, 'TESTING', NULL),
	(10, 19, 'SIS', NULL),
	(11, 19, 'WSV', NULL),
	(12, 19, 'SMITH', NULL),
	(13, 19, 'D&M', NULL),
	(14, 19, 'OFS', NULL),
	(15, 19, 'CEMENTOS', NULL),
	(16, 19, 'LINEA DE ACERO', NULL),
	(17, 2, 'CANCELADO', NULL),
	(18, 19, 'WIRELINE', NULL),
	(19, 19, 'GEOSERVICES', NULL),
	(20, 19, 'FRACTURAS', NULL),
	(21, 19, 'MI SWACO', NULL),
	(22, 19, 'DPM', NULL),
	(23, 18, 'INGENIERIA', NULL),
	(24, 19, 'WS', NULL),
	(25, 19, 'WL', NULL),
	(26, 19, 'WL MDT', NULL),
	(27, 19, 'IPM', NULL),
	(28, 19, 'TF', NULL),
	(29, 19, 'TUBERIA FLEXIBLE', NULL),
	(30, 18, 'PRODUCCION', NULL),
	(31, 19, 'ALS', NULL),
	(32, 19, 'COMPLITION', NULL);
/*!40000 ALTER TABLE `segmento` ENABLE KEYS */;

-- Volcando datos para la tabla logomex.statuses: ~0 rows (aproximadamente)
DELETE FROM `statuses`;
/*!40000 ALTER TABLE `statuses` DISABLE KEYS */;
/*!40000 ALTER TABLE `statuses` ENABLE KEYS */;

-- Volcando datos para la tabla logomex.subsegmento: ~0 rows (aproximadamente)
DELETE FROM `subsegmento`;
/*!40000 ALTER TABLE `subsegmento` DISABLE KEYS */;
INSERT INTO `subsegmento` (`id`, `segmento_id`, `nombre`, `descripcion`) VALUES
	(1, 8, 'TF', ''),
	(2, 19, 'ML', ''),
	(3, 27, 'CELDA 1', ''),
	(4, 25, 'MDT', ''),
	(5, 5, 'LABORATORIO', ''),
	(6, 18, 'PRESION', ''),
	(7, 14, 'FACILITIES', ''),
	(8, 27, 'CELDA 2', ''),
	(9, 18, 'MDT', ''),
	(10, 27, 'WPI', ''),
	(11, 12, 'DTR', ''),
	(12, 12, 'BITS', ''),
	(13, 8, 'COMPLITIONS', ''),
	(14, 11, 'ESTIMULACIONES', ''),
	(15, 27, 'CELDA 3', ''),
	(16, 14, 'QHSE', ''),
	(17, 8, 'CLK', ''),
	(18, 18, 'VENTAS', ''),
	(19, 3, 'MDT', ''),
	(20, 8, 'ESTIMULACIONES', ''),
	(21, 8, 'LINEA DE ACERO', ''),
	(22, 5, 'FRACTURAS', ''),
	(23, 5, 'CEMENTOS', ''),
	(24, 27, 'FMP', ''),
	(25, 5, 'ALM DE QUIMICOS', ''),
	(26, 5, 'ESTIMULACIONES', ''),
	(27, 8, 'CTS', ''),
	(28, 27, 'CELDA 4', '');
/*!40000 ALTER TABLE `subsegmento` ENABLE KEYS */;

-- Volcando datos para la tabla logomex.tipo_usuario: ~2 rows (aproximadamente)
DELETE FROM `tipo_usuario`;
/*!40000 ALTER TABLE `tipo_usuario` DISABLE KEYS */;
INSERT INTO `tipo_usuario` (`id`, `tipo_usuario`, `descripcion`) VALUES
	(1, 'Super Usuario', ''),
	(2, 'Administrador', NULL);
/*!40000 ALTER TABLE `tipo_usuario` ENABLE KEYS */;

-- Volcando datos para la tabla logomex.tipo_vehiculos: ~0 rows (aproximadamente)
DELETE FROM `tipo_vehiculos`;
/*!40000 ALTER TABLE `tipo_vehiculos` DISABLE KEYS */;
INSERT INTO `tipo_vehiculos` (`id`, `key_tipo_unidad`, `descripcion`, `activo`) VALUES
	(1, 'QCH', 'QUINTA CON HIAB', 1),
	(2, 'RCH', 'RABON CON HIAB', 1),
	(3, 'PU', 'PICK UP', 1),
	(4, 'OPR', 'OPERADOR RENTADO', 1),
	(5, 'NR', 'NISSAN REDILAS', 1),
	(6, 'VP', 'VEHICULO PILOTO', 1),
	(7, 'P', 'PLANA', 1);
/*!40000 ALTER TABLE `tipo_vehiculos` ENABLE KEYS */;

-- Volcando datos para la tabla logomex.ubicaciones: ~0 rows (aproximadamente)
DELETE FROM `ubicaciones`;
/*!40000 ALTER TABLE `ubicaciones` DISABLE KEYS */;
INSERT INTO `ubicaciones` (`id`, `nombre`, `descripcion`, `key_tipo`) VALUES
	(1, 'SAMARIA 1173', NULL, ''),
	(2, 'BASE VHSA', NULL, ''),
	(3, 'VHSA', NULL, ''),
	(4, 'VERACRUZ', NULL, ''),
	(5, 'TUBOSCOPE', NULL, ''),
	(6, 'RDTM', NULL, ''),
	(7, 'SAN RAMON 1001', NULL, ''),
	(8, 'TALLER RDTM', NULL, ''),
	(9, 'SAMARIA 99', NULL, ''),
	(10, 'COSTERO 1001', NULL, ''),
	(11, 'CAMPO BASE', NULL, ''),
	(12, 'SMITH', NULL, ''),
	(13, 'PAREDON 501', NULL, ''),
	(14, 'TALLER GENESIS', NULL, ''),
	(15, 'BRICOL 103', NULL, ''),
	(16, 'BODEGA', NULL, ''),
	(17, 'BASE MISWACO', NULL, ''),
	(18, 'CARDENAS', NULL, ''),
	(19, 'PIJIJE', NULL, ''),
	(20, 'BASE TESCO', NULL, ''),
	(21, 'PAREDON 101', NULL, ''),
	(22, 'POZO TOCAL 2', NULL, ''),
	(23, 'TAMPICO', NULL, ''),
	(24, 'PARKER', NULL, ''),
	(25, 'POZO TEOTLECO2', NULL, ''),
	(26, 'MEXICO', NULL, ''),
	(27, 'MI SWACO VER', NULL, ''),
	(28, 'BAT. SANTUARIO', NULL, ''),
	(29, 'MATYEP', NULL, ''),
	(30, 'P. PAREDON 501', NULL, ''),
	(31, 'CD. DEL CARMEN', NULL, ''),
	(32, 'POZO PIJIJE 32', NULL, ''),
	(33, 'CUPACHE 1000', NULL, ''),
	(34, 'POZO EDEN 41', NULL, ''),
	(35, 'BOD. NITROPET', NULL, ''),
	(36, 'BASE ALS', NULL, ''),
	(37, 'POZO TERRA 114', NULL, ''),
	(38, 'M. DOS BOCAS', NULL, ''),
	(39, 'OLIMPIA XXI', NULL, ''),
	(40, 'B. COMPLITION', NULL, ''),
	(41, 'POZO SEN 232', NULL, ''),
	(42, 'SAN RAMON 501', NULL, ''),
	(43, 'BSE. NATIONAL', NULL, ''),
	(44, 'POZA RICA', NULL, ''),
	(45, 'POZO JUSPI 1010', NULL, ''),
	(46, 'BASE SMITH', NULL, ''),
	(47, 'RODADOR 518', NULL, ''),
	(48, 'OFICINAS IPM', NULL, ''),
	(49, 'P. CARDENAS 143', NULL, ''),
	(50, 'BASE SLB', NULL, ''),
	(51, 'CD DEL CARMEN', NULL, ''),
	(52, 'TERRA 21', NULL, ''),
	(53, 'TUPILCO 127', NULL, ''),
	(54, 'MI SWACO', NULL, ''),
	(55, 'POZO BRICOL 103', NULL, ''),
	(56, 'BASE PETROFAC', NULL, ''),
	(57, 'BRILLANTE 18', NULL, ''),
	(58, 'BASE DPM', NULL, ''),
	(59, 'BASE WTF', NULL, ''),
	(60, 'PTO. DOS BOCAS', NULL, ''),
	(61, 'OXIACAQUE 5001', NULL, ''),
	(62, 'BASE NITROPET', NULL, ''),
	(63, 'JOSE COLOMO 22', NULL, ''),
	(64, 'SAMARIA 952', NULL, ''),
	(65, 'AGUACATE 28', NULL, ''),
	(66, 'BASE IPM', NULL, ''),
	(67, 'PTO DOS BOCAS', NULL, ''),
	(68, 'PLANTA RIO VIEJO', NULL, ''),
	(69, 'POZO SEN 136', NULL, ''),
	(70, 'BASE PARKER', NULL, ''),
	(71, 'GUARICHO 23', NULL, ''),
	(72, 'ACT COMALCALCO', NULL, ''),
	(73, 'SAN RAMON 505', NULL, ''),
	(74, 'PARETTO 2', NULL, ''),
	(75, 'ARTEZA 24', NULL, ''),
	(76, 'SEN 232', NULL, ''),
	(77, 'TEOTLECO 16', NULL, ''),
	(78, 'IRIDE 7051', NULL, ''),
	(79, 'BASE WL MEXICO', NULL, ''),
	(80, 'TUPILCO 2001', NULL, ''),
	(81, 'BASE NATIONAL', NULL, ''),
	(82, 'BASE GUARDIAN', NULL, ''),
	(83, 'BASE SICELUB', NULL, ''),
	(84, 'POZO SAMARIA 75', NULL, ''),
	(85, 'WL DE MEXICO', NULL, ''),
	(86, 'SAMARIA 1081', NULL, ''),
	(87, 'POZO TECO 426', NULL, ''),
	(88, 'PARETO 2', NULL, ''),
	(89, 'BGA COMPLITION', NULL, ''),
	(90, 'TAMPICO/ALBARA', NULL, ''),
	(91, 'ALM PETROFAC', NULL, ''),
	(92, 'POZO PARETO 2', NULL, ''),
	(93, 'POZO IRIDE 7051', NULL, ''),
	(94, 'BOD. CURAHUESO', NULL, ''),
	(95, 'POZO IRIDE 1128', NULL, ''),
	(96, 'POZO IRIDE 1163', NULL, ''),
	(97, 'MUNDO NVO 201', NULL, ''),
	(98, 'SAMARIA 2119', NULL, ''),
	(99, 'BASE FRS', NULL, ''),
	(100, 'GUARDIAN', NULL, ''),
	(101, 'IRIDE 2126', NULL, ''),
	(102, 'POZO TECO 726', NULL, ''),
	(103, 'POZO MORA 24', NULL, ''),
	(104, 'BASE COPSA', NULL, ''),
	(105, 'MATYEP LOMITAS', NULL, ''),
	(106, 'MUELLE BOSNOR', NULL, ''),
	(107, 'CARDENAS 627', NULL, ''),
	(108, 'TERRA114/BRICOL', NULL, ''),
	(109, 'ARTESA 24', NULL, ''),
	(110, 'BRICOL 103A', NULL, ''),
	(111, 'TEOTLECO 2', NULL, ''),
	(112, 'DOS BOCAS', NULL, ''),
	(113, 'BASE MI SWACO', NULL, ''),
	(114, 'CARDENANAS 627', NULL, ''),
	(115, 'BASE PZA RICA', NULL, ''),
	(116, 'TUPILCO 135', NULL, ''),
	(117, 'PEMEX REFORMA', NULL, ''),
	(118, 'BASE PERIFERICA', NULL, ''),
	(119, 'BASE ICI', NULL, ''),
	(120, 'BASE EL GOLPE', NULL, ''),
	(121, 'POZO TECO 614', NULL, ''),
	(122, 'TALLER GUARDIAN', NULL, ''),
	(123, 'PTO CEIBA 106', NULL, ''),
	(124, 'SAMARIA 86A', NULL, ''),
	(125, 'TUPILCO 120D', NULL, ''),
	(126, 'POZO TECO 446', NULL, ''),
	(127, 'POZO IRIDE 154', NULL, ''),
	(128, 'POZO SEN 231', NULL, ''),
	(129, 'COATZACOALCOS', NULL, ''),
	(130, 'CHILAPILLA 34', NULL, ''),
	(131, 'TECO 726', NULL, ''),
	(132, 'CUNDUACAN 24', NULL, ''),
	(133, 'ARTEZA 352', NULL, ''),
	(134, 'CARDENAS 143', NULL, ''),
	(135, 'RIO NUEVO 1', NULL, ''),
	(136, 'TECO 102', NULL, ''),
	(137, 'S. MAGALLANES', NULL, ''),
	(138, 'SAMARIA 7085', NULL, ''),
	(139, 'BASE LOMITAS', NULL, ''),
	(140, 'TIZON 1DL', NULL, ''),
	(141, 'POZO TECO 566', NULL, ''),
	(142, 'SANTUARIO 126', NULL, ''),
	(143, 'COPANO 32', NULL, ''),
	(144, 'TERRA 114', NULL, ''),
	(145, 'POZO TECO 102', NULL, ''),
	(146, 'RIGA', NULL, ''),
	(147, 'RABASA 172', NULL, ''),
	(148, 'POZO CHIQUIB 1', NULL, ''),
	(149, 'POZO IRIDE 1166', NULL, ''),
	(150, 'POZO ARTEZA 352', NULL, ''),
	(151, 'SUNUAPA 402', NULL, ''),
	(152, 'TEOTLECO 4', NULL, ''),
	(153, 'BASE MATYEP', NULL, ''),
	(154, 'ARTESA 352', NULL, ''),
	(155, 'TIZAYUCA HGO', NULL, ''),
	(156, 'TECO 705', NULL, ''),
	(157, 'BASE LORO', NULL, ''),
	(158, 'SAMARIA 834', NULL, ''),
	(159, 'COMALCALCO', NULL, ''),
	(160, 'IRIDE 1163', NULL, ''),
	(161, 'PTO CEIBA 129', NULL, ''),
	(162, 'TALLER ALESA', NULL, ''),
	(163, 'PIJIJE 25', NULL, ''),
	(164, 'TECO 703', NULL, ''),
	(165, 'PIJIJE 32', NULL, ''),
	(166, 'CALICANTO 1001', NULL, ''),
	(167, 'IRIDE 1128', NULL, ''),
	(168, 'TOKAL 1', NULL, ''),
	(169, 'NITROPET CARDENAS', NULL, ''),
	(170, 'OTATES', NULL, ''),
	(171, 'MORA 24', NULL, ''),
	(172, 'SAMARIA 71', NULL, ''),
	(173, 'D&M VERACRUZ', NULL, ''),
	(174, 'SEN 138', NULL, ''),
	(175, 'MI SWACO VERACRUZ', NULL, ''),
	(176, 'EL TREINTA 1', NULL, ''),
	(177, 'FI MEXICO', NULL, ''),
	(178, 'IRIDE 1138', NULL, ''),
	(179, 'RABASA 148', NULL, ''),
	(180, 'COSTERO 7', NULL, ''),
	(181, 'PIJIJE 113', NULL, ''),
	(182, 'COMALCO. PEMEX', NULL, ''),
	(183, 'SAMARIA 1182', NULL, ''),
	(184, 'MI SWACO CARMEN', NULL, ''),
	(185, 'PIJIJE 29', NULL, ''),
	(186, 'TUPILCO 204D', NULL, ''),
	(187, 'SAMARIA 7084', NULL, ''),
	(188, 'BRICOL 11', NULL, ''),
	(189, 'SAMARIA 6092H', NULL, ''),
	(190, 'OTATES 604', NULL, ''),
	(191, 'SAMARIA 62', NULL, ''),
	(192, 'SOLDADOS 498', NULL, ''),
	(193, 'IPM SATELITE', NULL, ''),
	(194, 'ZONA IND COMALCO', NULL, ''),
	(195, 'SEN 201', NULL, ''),
	(196, 'MIXTAN 1', NULL, ''),
	(197, '5 PRESIDENTES 53', NULL, ''),
	(198, 'EL CEIBO', NULL, ''),
	(199, 'SAMARIA 6092', NULL, ''),
	(200, 'OXIACAQUE 5035', NULL, ''),
	(201, 'OXIACAQUE 5042', NULL, ''),
	(202, 'OGARRIO 718', NULL, ''),
	(203, 'REYNOSA', NULL, ''),
	(204, 'SETIN TRED', NULL, ''),
	(205, 'SOLDADOS 600', NULL, ''),
	(206, 'GASIFERO 21', NULL, ''),
	(207, 'PARETO 4', NULL, ''),
	(208, 'AXALON 1', NULL, ''),
	(209, 'BLASILLO 87', NULL, ''),
	(210, 'SAMARIA 1175', NULL, ''),
	(211, 'BODEGA OFS', NULL, ''),
	(212, 'SAMARIA 6117', NULL, ''),
	(213, 'DPM', NULL, ''),
	(214, 'GREY WOLF', NULL, ''),
	(215, 'PRAXAIR', NULL, ''),
	(216, 'ARTEZA 356', NULL, ''),
	(217, 'JUSPI 1009', NULL, ''),
	(218, 'BASE PARAISO', NULL, ''),
	(219, 'BASE EQUIPRO', NULL, ''),
	(220, 'FMC VHSA', NULL, ''),
	(221, 'TINTAL 19', NULL, ''),
	(222, 'ACT. PEMEX COMAL', NULL, ''),
	(223, 'TUPILCO 81D', NULL, ''),
	(224, 'TERRA 23', NULL, ''),
	(225, 'SOLDADOS 15', NULL, ''),
	(226, 'BLASILLO 61', NULL, ''),
	(227, 'BASE AGGREKO', NULL, ''),
	(228, 'BASE AGRRECO', NULL, ''),
	(229, 'IRIDE 2118', NULL, ''),
	(230, 'NAVEGANTE 1DL', NULL, ''),
	(231, 'GUARICHO 202', NULL, ''),
	(232, 'SUNUAPA 302', NULL, ''),
	(233, 'BRLLANTE 7', NULL, ''),
	(234, 'TAJON 101', NULL, ''),
	(235, 'GAUCHO 10', NULL, ''),
	(236, 'COPANO 43', NULL, ''),
	(237, 'SUNUAPA 332', NULL, ''),
	(238, 'ARROLLO PRIETO 15', NULL, ''),
	(239, 'BASE RELESUR', NULL, ''),
	(240, 'BJ PARAISO', NULL, ''),
	(241, 'SAN RAMON 1612', NULL, ''),
	(242, 'PTO CEIBA 107', NULL, ''),
	(243, 'GARCIA LORETO', NULL, ''),
	(244, 'BASE BRANDT', NULL, ''),
	(245, 'RABASA 149', NULL, ''),
	(246, 'SAN RAMON 530', NULL, ''),
	(247, 'EL GOLPE 127', NULL, ''),
	(248, 'SUNUAPA 412', NULL, ''),
	(249, 'SAN RAMON 532', NULL, ''),
	(250, 'SANTA ANA 670', NULL, ''),
	(251, 'TUPILCO 93', NULL, ''),
	(252, 'BAS ALS', NULL, ''),
	(253, 'NAVEGANTE 1', NULL, ''),
	(254, 'PERFOLAT', NULL, ''),
	(255, 'TIZON 224', NULL, ''),
	(256, '5 PRESIDENTES 923', NULL, ''),
	(257, 'OGARRIO 1510', NULL, ''),
	(258, 'CALICANTO 101', NULL, ''),
	(259, 'RODADOR 712', NULL, ''),
	(260, 'SINI 1', NULL, ''),
	(261, 'IPM', NULL, ''),
	(262, 'IPS', NULL, ''),
	(263, 'EL CASTAÑO', NULL, ''),
	(264, 'OGARRIO 1429', NULL, ''),
	(265, 'BEDEL', NULL, ''),
	(266, 'IRIDE 1136', NULL, ''),
	(267, 'PAREDON 501-TEOTLECO', NULL, ''),
	(268, 'GASIFERO 51', NULL, ''),
	(269, 'SAMARIA 1109', NULL, ''),
	(270, 'OTRO TALLER EN VERACRUZ', NULL, ''),
	(271, 'NELASH 14', NULL, ''),
	(272, 'JUSPI 1010', NULL, ''),
	(273, 'CEIBO', NULL, ''),
	(274, 'CUNDUACAN 21', NULL, ''),
	(275, 'RODADOR 503', NULL, ''),
	(276, 'CACTUS 20', NULL, ''),
	(277, 'BRICOL 103-PARKER', NULL, ''),
	(278, 'YAGUAL 03', NULL, ''),
	(279, 'SOLDADO 26', NULL, ''),
	(280, 'RODADOR 605', NULL, ''),
	(281, 'SOLDADO 26 OGARRIO 1407', NULL, ''),
	(282, 'PLANTA DE LODOS', NULL, ''),
	(283, 'PARQUE TABASCO', NULL, ''),
	(284, 'TOCAL 2', NULL, ''),
	(285, 'POZO SAN RAMON 1001', NULL, ''),
	(286, 'CIUDAD DEL CARMEN', NULL, ''),
	(287, 'BODEGA COMPLITION', NULL, ''),
	(288, 'BRICOL 103-TALLER RDTM', NULL, ''),
	(289, 'BASE CURAHUESO', NULL, ''),
	(290, 'MORELIA', NULL, ''),
	(291, 'MI SWACO CD. DEL CARMEN', NULL, ''),
	(292, 'POZO GAUCHO 10', NULL, ''),
	(293, 'POZO OXIACAQUE 5035', NULL, ''),
	(294, 'POZO TEOTLECO 4-JUSPI 1010', NULL, ''),
	(295, 'POZO ESCUINCLE 2', NULL, ''),
	(296, 'JUJO 852', NULL, ''),
	(297, 'HIDALGO, CHIAPAS', NULL, ''),
	(298, 'POZO MORA 24- JUSPI 1010', NULL, ''),
	(299, 'PLAZA DE TOROS', NULL, ''),
	(300, 'POZO OGARRIO', NULL, ''),
	(301, 'POZO TEOTLECO 4', NULL, ''),
	(302, 'AGUACATE 28 POZA RICA', NULL, ''),
	(303, 'POZO JUSPI', NULL, ''),
	(304, 'POZO TERRA114', NULL, ''),
	(305, 'BASE SCHLUMBERGER', NULL, ''),
	(306, 'POZO BRILLANTE 18', NULL, ''),
	(307, 'POZO BRILLANTE 12', NULL, ''),
	(308, 'POZO SAMARIA 937', NULL, ''),
	(309, 'PUERTO CEIBA 133', NULL, ''),
	(310, 'POZO CARDENAS 627', NULL, ''),
	(311, 'POZO TUPILCO 2001', NULL, ''),
	(312, 'POZO SAN RAMON 525', NULL, ''),
	(313, 'PLANTA ECOLTEC', NULL, ''),
	(314, 'POZO LA VENTA 1001', NULL, ''),
	(315, 'POZO TERRA 12', NULL, ''),
	(316, 'POZO COPANO 64', NULL, ''),
	(317, 'POZO TAJON 101', NULL, ''),
	(318, 'EL GASIFERO', NULL, ''),
	(319, 'POZO BERNET', NULL, ''),
	(320, 'POZO PAREDON 501', NULL, ''),
	(321, 'POZO TECO 468', NULL, ''),
	(322, 'PENJAMO', NULL, ''),
	(323, 'POZO CACTUS 4D', NULL, ''),
	(324, '1ra ENTRADA ANACLETO C.', NULL, ''),
	(325, 'ALBARADO', NULL, ''),
	(326, 'POZO BELLOTA 33', NULL, ''),
	(327, 'POZO TEOTLECO 16', NULL, ''),
	(328, 'POZO SAN RAMON 553', NULL, ''),
	(329, 'POZO SAMARIA 2', NULL, ''),
	(330, 'POZO SAN RAMON 500', NULL, ''),
	(331, 'PUERTO CEIBA 101B', NULL, ''),
	(332, 'POZO PAREDON 1D', NULL, ''),
	(333, 'POZO IRIDE 158', NULL, ''),
	(334, 'POZO BACAL 1003', NULL, ''),
	(335, 'B. NATIONAL- A. PRIETO 6A', NULL, ''),
	(336, 'TUBOSCOP', NULL, ''),
	(337, 'PLANTA OJEITOR', NULL, ''),
	(338, 'POZO SAMARIA 2119', NULL, ''),
	(339, 'POZO IRIDE 1158', NULL, ''),
	(340, 'POZO SAN RAMON 524', NULL, ''),
	(341, 'POZO SAN RAMON 501', NULL, ''),
	(342, 'POZO PUERTO CEIBA 103D', NULL, ''),
	(343, 'POZO CUNDUACAN 532', NULL, ''),
	(344, 'POZO SAMARIA 211', NULL, ''),
	(345, 'CUNDUCAN 532', NULL, ''),
	(346, 'POZO BELLOTA 136', NULL, ''),
	(347, 'PUERTO CEIBA 107', NULL, ''),
	(348, 'POZO JUJO 701', NULL, ''),
	(349, 'POZO TERRA 21', NULL, ''),
	(350, 'OXIACAQUE 5035/IRIDE 158', NULL, ''),
	(351, 'POZO SAMARIA 700', NULL, ''),
	(352, 'POZO TUPILCO 135', NULL, ''),
	(353, 'POZO TECO 525', NULL, ''),
	(354, 'POZO SAMARIA', NULL, ''),
	(355, 'POZO MADREFIL 1', NULL, ''),
	(356, 'POZO ARTESA 24', NULL, ''),
	(357, 'POZO IRIDE 2126', NULL, ''),
	(358, 'POZO SAMARIA 100', NULL, ''),
	(359, 'POZO TECOMINOACAN 446', NULL, ''),
	(360, 'POZO SAMARIA 6093', NULL, ''),
	(361, 'MINATITLAN, VER.', NULL, ''),
	(362, 'POZO SAMARIA 1081', NULL, ''),
	(363, 'SAN RAMON', NULL, ''),
	(364, 'POZO COSTERO 1001', NULL, ''),
	(365, 'POZO PUERTO CEIBA 129', NULL, ''),
	(366, 'POZO VERNET 16', NULL, ''),
	(367, 'PLAN 71 AGUA DULCE', NULL, ''),
	(368, 'POZO BRICOL 1', NULL, ''),
	(369, 'POZO JUJO 52A', NULL, ''),
	(370, 'POZO VERNET 33', NULL, ''),
	(371, 'POZO CARDENAS 807', NULL, ''),
	(372, 'MUELLE DE BOSNOR', NULL, ''),
	(373, 'EST DE COM OTATES', NULL, ''),
	(374, 'POZO GASIFERO 14', NULL, ''),
	(375, 'POZO TERRA 21, SEN 1001', NULL, ''),
	(376, 'POZO MUNDO NUEVO 201', NULL, ''),
	(377, 'POZO MADREFIL 3A', NULL, ''),
	(378, 'POZO SAMARIA 86A', NULL, ''),
	(379, 'TUPILCO 204', NULL, ''),
	(380, 'POZO SAMARIA 7084', NULL, ''),
	(381, 'POZO YAGUAL 11', NULL, ''),
	(382, 'POZO IRIDE 5108', NULL, ''),
	(383, 'POZO CHILAPILLA 423', NULL, ''),
	(384, 'POZO SUNUAPA 306', NULL, ''),
	(385, 'POZO AXALON 1', NULL, ''),
	(386, 'POZO PUEROT CEIBA 106', NULL, ''),
	(387, 'POZO PUERTO CEIBA 106', NULL, ''),
	(388, 'POZO TECOMINOACAN 807', NULL, ''),
	(389, 'PARETO 2/TEOTLECO 16', NULL, ''),
	(390, 'POZO IRIS 1', NULL, ''),
	(391, 'POZO PIJIJE 113', NULL, ''),
	(392, 'POZO CALICANTO 101', NULL, ''),
	(393, 'PUERTO DE DOS BOCAS', NULL, ''),
	(394, 'POZO OGARRIO 1001', NULL, ''),
	(395, 'POZO TECO 711', NULL, ''),
	(396, 'POZO BRICOL 11', NULL, ''),
	(397, 'POZO SAMARIA 915', NULL, ''),
	(398, 'POZO SAN RAMON 554', NULL, ''),
	(399, 'POZO JOLOTE 21', NULL, ''),
	(400, 'POZO TUPILCO 126', NULL, ''),
	(401, 'POZO JUJO 69', NULL, ''),
	(402, 'ACTIVO COMALCALCO', NULL, ''),
	(403, 'POZO SAMARIA 717', NULL, ''),
	(404, 'PRAXAIR POZA RICA', NULL, ''),
	(405, 'POZO CARDENAS 114B', NULL, ''),
	(406, 'TALLER T3', NULL, ''),
	(407, 'POZO AGAVE 42', NULL, ''),
	(408, 'BASE EL POLVORIN', NULL, ''),
	(409, 'KM 14.5', NULL, ''),
	(410, 'POZOZ SAMARIA 6117', NULL, ''),
	(411, 'POZO SAMARIA 6117', NULL, ''),
	(412, 'POZO EDEN 21', NULL, ''),
	(413, 'POZO PIJIJE 25', NULL, ''),
	(414, 'POZO JUJO 852', NULL, ''),
	(415, 'POZO OTATES 504', NULL, ''),
	(416, 'EL GOLPE', NULL, ''),
	(417, 'POZO ARTESA 352', NULL, ''),
	(418, 'POZO TOCAL 1', NULL, ''),
	(419, 'POZO BRILLANTE 15', NULL, ''),
	(420, 'POZO CATEDRAL 65', NULL, ''),
	(421, 'POZO CARDENAS 125', NULL, ''),
	(422, 'ECO. MAGALLANES', NULL, ''),
	(423, 'POZO TERRA 11', NULL, ''),
	(424, 'KM 14.5 CD DEL CARMEN', NULL, ''),
	(425, 'CIUDAD HIDALGO CHIAPAS', NULL, ''),
	(426, 'POZO JACINTO 3', NULL, ''),
	(427, 'POZO JACINTO 3A', NULL, ''),
	(428, 'POZO GUARICHO 9M', NULL, ''),
	(429, 'CINCO PRESIDENTES 923', NULL, ''),
	(430, 'BERNET 33', NULL, ''),
	(431, 'SEN', NULL, ''),
	(432, 'POZO RIO NUEVO 1', NULL, ''),
	(433, 'POZO GUARICHO 503', NULL, ''),
	(434, 'SANCHEZ MAGALLANES 2001H', NULL, ''),
	(435, 'POZO BELLOTA 126', NULL, ''),
	(436, 'POZO CACTUS 65', NULL, ''),
	(437, 'POZO SAN RAMON 35', NULL, ''),
	(438, 'POZO SAMARIA 252', NULL, ''),
	(439, 'VERNET 9/VERNET 27', NULL, ''),
	(440, 'POZO BLASILLO 548', NULL, ''),
	(441, 'POZO GASIFERO 42', NULL, ''),
	(442, 'IRIDE 1163/BASE DPM', NULL, ''),
	(443, 'POZO PIJIJE 125', NULL, ''),
	(444, 'POZO BELLOTA 41', NULL, ''),
	(445, 'POZO OXIACAQUE 5042', NULL, ''),
	(446, 'POZOZ JUJO 852', NULL, ''),
	(447, 'VERACRUZ/VHSA', NULL, ''),
	(448, 'POZO COSTERO 7', NULL, ''),
	(449, 'POZO SANTA ANA 670', NULL, ''),
	(450, 'POZO TUPILCO 120D', NULL, ''),
	(451, 'SEN 301', NULL, ''),
	(452, 'POZO JUSPI 1009', NULL, ''),
	(453, 'POZO SAMARIA 830', NULL, ''),
	(454, 'POZO JUJO 65', NULL, ''),
	(455, 'POZO BRICOL 103A', NULL, ''),
	(456, 'POZO GIRALDAS 31', NULL, ''),
	(457, 'POZO PARETO 10', NULL, ''),
	(458, 'POZO SUNUAPA 402', NULL, ''),
	(459, 'POZO COPANO 12', NULL, ''),
	(460, 'POZO JOLOTE 21-3', NULL, ''),
	(461, 'POZO TEPETITAN 14', NULL, ''),
	(462, 'POZO MIXTAN 1', NULL, ''),
	(463, 'POZO OGARRIO 1255', NULL, ''),
	(464, 'POZO SOLDADOS 491', NULL, ''),
	(465, 'POZO SAN RAMON 1615', NULL, ''),
	(466, 'COMALCALCO/TUPILCO 120D', NULL, ''),
	(467, 'POZO COSTERO 3', NULL, ''),
	(468, 'POZO OGARRIO 913', NULL, ''),
	(469, 'SANCHEZ MAGALLANES', NULL, ''),
	(470, 'POZO SEN 95', NULL, ''),
	(471, 'CHIQUIB 1/TEOTLECO 6', NULL, ''),
	(472, 'POZO TECO 705', NULL, ''),
	(473, 'COMALCO', NULL, ''),
	(474, 'POZO BACAL 505', NULL, ''),
	(475, 'BRICOL 103A/BASE LORO', NULL, ''),
	(476, 'SITIO GRANDE 811', NULL, ''),
	(477, 'RABAZA 176', NULL, ''),
	(478, 'BASE TERCIARIO', NULL, ''),
	(479, 'EL CEIBO/CD DEL CARMEN', NULL, ''),
	(480, 'SAN RAMON 35', NULL, ''),
	(481, 'MADREFIL 3A', NULL, ''),
	(482, 'BEDEL 2', NULL, ''),
	(483, 'PUERTO CEIBA 103', NULL, ''),
	(484, 'SAMARIA 86', NULL, ''),
	(485, 'BASE SATELITE DE IPM', NULL, ''),
	(486, 'BASE ABAME', NULL, ''),
	(487, 'TUPILCO', NULL, ''),
	(488, 'CARDENAS 14B', NULL, ''),
	(489, 'TECO 655', NULL, ''),
	(490, 'TUPILCO 120', NULL, ''),
	(491, 'PAREDON 3A', NULL, ''),
	(492, 'SAMARIA 80', NULL, ''),
	(493, 'CHINCHORRO 1', NULL, ''),
	(494, 'JUJO 42', NULL, ''),
	(495, 'IRIDE 1128/SAMARIA 1109', NULL, ''),
	(496, 'SEN 1DL', NULL, ''),
	(497, 'VERACRUZ/POZA RICA', NULL, ''),
	(498, 'BGA COMPLITIONS/TOKAL 1', NULL, ''),
	(499, 'TEPETITAN 14', NULL, ''),
	(500, 'PALAPA 301', NULL, ''),
	(501, 'SEN 95', NULL, ''),
	(502, 'AGAVE 65', NULL, ''),
	(503, 'SAMARIA 75', NULL, ''),
	(504, 'TECO 466', NULL, ''),
	(505, 'BRICOL 2DL', NULL, ''),
	(506, 'GASIFERO 34', NULL, ''),
	(507, 'SAMARIA 96A', NULL, ''),
	(508, 'PTO DE DOS BOCAS', NULL, ''),
	(509, 'TERRA 21/TERRA 114/SMITH', NULL, ''),
	(510, 'AGAVE 333', NULL, ''),
	(511, 'RIO NUEVO 1/IRIDE 1124', NULL, ''),
	(512, 'SUNUAPA 401', NULL, ''),
	(513, 'PTO CEIBA 129A', NULL, ''),
	(514, 'JUJO 58', NULL, ''),
	(515, 'CACTUS 1002', NULL, ''),
	(516, '5 PRESIDENTES 929', NULL, ''),
	(517, 'BLASILLO 570', NULL, ''),
	(518, 'BASE VHSA/SMITH/TERRA 21', NULL, ''),
	(519, 'SAMARIA 89', NULL, ''),
	(520, 'TUPILCO 85D', NULL, ''),
	(521, 'SUNUAPA 22', NULL, ''),
	(522, 'PIJIJE 101', NULL, ''),
	(523, 'POZO 30-1', NULL, ''),
	(524, 'TECO 566', NULL, ''),
	(525, 'SANCHEZ MAGALLANES 2008', NULL, ''),
	(526, 'TERRA 21/VHSA', NULL, ''),
	(527, 'JUJO 701', NULL, ''),
	(528, 'TECO 614', NULL, ''),
	(529, 'ADUANA VERACRUZ', NULL, ''),
	(530, 'SHISHITO 5R', NULL, ''),
	(531, 'RABASA 158', NULL, ''),
	(532, 'MI SWACO CD DEL CARMEN', NULL, ''),
	(533, 'BASE SMITH/CD DEL CARMEN', NULL, ''),
	(534, 'PIJIJE 125', NULL, ''),
	(535, 'IRIDE 7026/SAMARIA 75 Y 62', NULL, ''),
	(536, 'POZO EL TREINTA 1', NULL, ''),
	(537, 'SAMARIA', NULL, ''),
	(538, 'PUERTO CEIBA 112', NULL, ''),
	(539, 'BASE VERACRUZ', NULL, ''),
	(540, 'ESTACIONAMIENTO IPM', NULL, ''),
	(541, 'BRILLANTE 7', NULL, ''),
	(542, 'BLASILLO 77D', NULL, ''),
	(543, 'TERRA 123', NULL, ''),
	(544, 'YAGUAL 11', NULL, ''),
	(545, 'SAMARIA 829', NULL, ''),
	(546, 'TUPILCO 204D/PTO CEIBA 110', NULL, ''),
	(547, 'CUNDUACAN 40', NULL, ''),
	(548, 'SAN RAMON 161', NULL, ''),
	(549, 'JUSPI 1009A', NULL, ''),
	(550, 'BGA COMPLITIONS', NULL, ''),
	(551, 'MORA 25', NULL, ''),
	(552, 'BASE SMITH/BASE GUARDIAN', NULL, ''),
	(553, 'COMALCALCO PEMEX', NULL, ''),
	(554, 'BACAL 514', NULL, ''),
	(555, 'TECO 547', NULL, ''),
	(556, 'CACTUS 85', NULL, ''),
	(557, 'PARETO 2/COSTERO 7', NULL, ''),
	(558, 'IRIDE 2144', NULL, ''),
	(559, 'GIRALDAS 72', NULL, ''),
	(560, 'SAMARIA 7085/IRIDE 2144', NULL, ''),
	(561, 'FRANCISCO SOLIS', NULL, ''),
	(562, 'SANTUARIO 28H/CHINCHO 1', NULL, ''),
	(563, 'OXIACAQUE 5044', NULL, ''),
	(564, 'SAMARIA 96D', NULL, ''),
	(565, 'NAVEGANTE 1/OXIACAQUE 5035', NULL, ''),
	(566, 'YAGUAL 3', NULL, ''),
	(567, 'TECO 105', NULL, ''),
	(568, 'IRIDE 2144/TERRA 21', NULL, ''),
	(569, 'CD INDUSTRIAL', NULL, ''),
	(570, 'SAMARIA 9181', NULL, ''),
	(571, 'PARRILLA/PIJIJE 32/NAVEGANTE1', NULL, ''),
	(572, 'JUSPI 1A', NULL, ''),
	(573, 'SANTUARIO 129/SANTUARIO 28H', NULL, ''),
	(574, 'IRIDE 1138/IRIDE 164', NULL, ''),
	(575, 'AGAVE 303', NULL, ''),
	(576, 'PIJIJE 32/VHSA', NULL, ''),
	(577, 'IRIDE 164', NULL, ''),
	(578, 'SAN RAMON 539', NULL, ''),
	(579, 'BRICOL 1', NULL, ''),
	(580, 'BASE CAMERON', NULL, ''),
	(581, 'CACTUS 5', NULL, ''),
	(582, 'FMC (SPM WEIR)', NULL, ''),
	(583, 'BASE OJEITO', NULL, ''),
	(584, 'CHIQUIB 1', NULL, ''),
	(585, 'BEDEL 56', NULL, ''),
	(586, 'GASIFERO 24', NULL, ''),
	(587, 'PTO CEIBA/PERFOLAT', NULL, ''),
	(588, 'BRILLANTE 8', NULL, ''),
	(589, 'RODADOR 706', NULL, ''),
	(590, 'SAMARIA 62/BASE ALS', NULL, ''),
	(591, 'ACTIVO SAMARIA', NULL, ''),
	(592, 'IRIDE 2126/SAMARIA 1182', NULL, ''),
	(593, 'COPANO 14', NULL, ''),
	(594, 'IRIDE 1118', NULL, ''),
	(595, 'TEOTLECO 102', NULL, ''),
	(596, 'TERRA 21/NAVEGANTE 1', NULL, ''),
	(597, 'BRICOL 102', NULL, ''),
	(598, 'BASE FRACK', NULL, ''),
	(599, 'OGARRIO 1528', NULL, ''),
	(600, 'TOCAL 3', NULL, ''),
	(601, 'MEXICO, DF', NULL, ''),
	(602, '5 PRESIDENTES 153', NULL, ''),
	(603, '5 PRESIDENTES 950', NULL, ''),
	(604, 'PUERTO CEIBA 129A', NULL, ''),
	(605, 'BODEGA COMPLITIONS', NULL, ''),
	(606, 'BRILLANTE', NULL, ''),
	(607, 'TERRA 114/TERRA 21', NULL, ''),
	(608, 'CATUS 1038', NULL, ''),
	(609, 'IRIDE 1178/PTO CEIBA 129A', NULL, ''),
	(610, 'JUSPI 1009/TUPILCO 81D', NULL, ''),
	(611, 'IRIDE 1138/OXIACAQUE 5035', NULL, ''),
	(612, '5 PRESIDENTES', NULL, ''),
	(613, 'TERRA 114/TERRA 21/TERRA 114', NULL, ''),
	(614, 'MUELLE BOSNOR, TAMPICO', NULL, ''),
	(615, 'BASE SLB/TERRA 21/TERRA 114', NULL, ''),
	(616, 'SAMARIA 62H/TECO 703', NULL, ''),
	(617, 'SAMARIA 103', NULL, ''),
	(618, 'MUSPAC 22', NULL, ''),
	(619, 'ACT. COMALCALCO/PARETO 4', NULL, ''),
	(620, 'MORA 1', NULL, ''),
	(621, 'TUPILCO 81D/BASE SMITH', NULL, ''),
	(622, 'JUJO 545', NULL, ''),
	(623, 'MUSPAC 14', NULL, ''),
	(624, 'PUERTO CEIBA 137A', NULL, ''),
	(625, 'SANCHEZ MAGALLANES 2009', NULL, ''),
	(626, 'OGARRIO 22', NULL, ''),
	(627, 'CARDENAS 139B', NULL, ''),
	(628, 'JUSPI 1007', NULL, ''),
	(629, 'GASIFERO 21/POZA RICA', NULL, ''),
	(630, 'PALAPA 302', NULL, ''),
	(631, 'YAGUAL 22', NULL, ''),
	(632, 'IRIDE 1138/BRICOL 11', NULL, ''),
	(633, 'ARROYO PRIETO 20', NULL, ''),
	(634, 'PIJIJE 32/FI MEXICO', NULL, ''),
	(635, 'TUPILCO 81DL', NULL, ''),
	(636, 'TINTAL 28', NULL, ''),
	(637, 'MUSPAC 94', NULL, ''),
	(638, 'ALVARADO', NULL, ''),
	(639, 'SITIO GRANDE 80', NULL, ''),
	(640, 'BASE SLB/PARETO 4/BRICOL 103', NULL, ''),
	(641, 'CUICHIAPAS 367', NULL, ''),
	(642, 'MORA 2', NULL, ''),
	(643, 'ARTEZA 367', NULL, ''),
	(644, 'VHSA/TAMPICO', NULL, ''),
	(645, 'ESTACIONAMIENTO SLB', NULL, ''),
	(646, 'SAMARIA 2197/ALS', NULL, ''),
	(647, 'JUJO 782', NULL, ''),
	(648, 'CARDENAS 137', NULL, ''),
	(649, 'SANCHEZ MAGALLANES 1422', NULL, ''),
	(650, 'SAMARIA 7122', NULL, ''),
	(651, 'CACTUS 1073', NULL, ''),
	(652, 'ARROYO PRIETO 11', NULL, ''),
	(653, 'TERRA 21/TERRA 114', NULL, ''),
	(654, 'TALLER MAQUINADOS', NULL, ''),
	(655, 'BRICOL 11/BASE DPM', NULL, ''),
	(656, 'SAMARIA 6091/SAMARIA 1197', NULL, ''),
	(657, 'SAMARIA 810', NULL, ''),
	(658, 'CARDENAS 114D', NULL, ''),
	(659, 'GAUCHO 56', NULL, ''),
	(660, 'RABAZA 135', NULL, ''),
	(661, 'CAFETO 51', NULL, ''),
	(662, 'PUERTO CIBA 107', NULL, ''),
	(663, 'TUPILCO 81D/BRICOL 103', NULL, ''),
	(664, 'TECO 119', NULL, ''),
	(665, 'BRICOL 1DL', NULL, ''),
	(666, 'ACT. PEMEX COMALCALCO', NULL, ''),
	(667, 'PUERTO CEIBA 129', NULL, ''),
	(668, 'IXTAN', NULL, ''),
	(669, 'BERNET 260', NULL, ''),
	(670, 'BASE FMC VHSA', NULL, ''),
	(671, 'TERRA 21/TERRA 123', NULL, ''),
	(672, 'RELESUR/NAVEGANTE 1DL', NULL, ''),
	(673, 'BASE POLVORIN CD. CARMEN', NULL, ''),
	(674, 'OGARRIO', NULL, ''),
	(675, 'OLOTE 43', NULL, ''),
	(676, 'TERRA 12', NULL, ''),
	(677, 'TIZON 244', NULL, ''),
	(678, 'JUSPI 1009/ARTEZA 26', NULL, ''),
	(679, 'PUERTO CEIBA 153B', NULL, ''),
	(680, 'NELASH 43', NULL, ''),
	(681, 'EDEN 21', NULL, ''),
	(682, 'BELLOTA 159', NULL, ''),
	(683, 'ARTEZA 26', NULL, ''),
	(684, 'SUNUAPA 334', NULL, ''),
	(685, 'MUELLE DE PEMEX CD CARMEN', NULL, ''),
	(686, 'GUARICHO 501', NULL, ''),
	(687, 'ONATE WILLI MEXICO', NULL, ''),
	(688, 'COSTERO 7/BRICOL 103A', NULL, ''),
	(689, 'SANCHEZ MAGALLANES 2011', NULL, ''),
	(690, 'HOTEL QUINTA REAL', NULL, ''),
	(691, 'COMALCALCO/TUPILCO 81D', NULL, ''),
	(692, 'TECOMINOACAN 169', NULL, ''),
	(693, 'TINTAL 28D', NULL, ''),
	(694, 'ARROLLO PRIETO 13', NULL, ''),
	(695, 'SERNAPAM', NULL, ''),
	(696, 'PUERTO CEIBA 103A', NULL, ''),
	(697, 'PUERTO CEIBA 110', NULL, ''),
	(698, 'OGARRIO 1427', NULL, ''),
	(699, 'TECO 120', NULL, ''),
	(700, 'COMOAPA 3', NULL, ''),
	(701, 'JACINTO 1001', NULL, ''),
	(702, 'SUNUAPA', NULL, ''),
	(703, 'SAMARIA 703', NULL, ''),
	(704, 'SAMARIA 5111', NULL, ''),
	(705, 'PERDIZ 602', NULL, ''),
	(706, 'ARTEZA 126', NULL, ''),
	(707, 'SAN RAMON 1614', NULL, ''),
	(708, 'BACAL 515', NULL, ''),
	(709, 'JUJO 509', NULL, ''),
	(710, 'HUMERO 1', NULL, ''),
	(711, 'SAMARIA 6101', NULL, ''),
	(712, 'BRICOL 103/PARETO 4', NULL, ''),
	(713, 'TEOTLECO 16/TEOTLECO 12', NULL, ''),
	(714, 'JUJO 524', NULL, ''),
	(715, 'ACT PEMEX COMALCALCO', NULL, ''),
	(716, 'ACTIVO AGUA DULCE', NULL, ''),
	(717, 'NAVEGANTE 1DL/TERRA 12/VHSA', NULL, ''),
	(718, 'SAMARIA 809', NULL, ''),
	(719, 'GASIFERO 61', NULL, ''),
	(720, 'TUPILCO 142', NULL, ''),
	(721, 'BASE EKIPRO', NULL, ''),
	(722, 'TECO 809', NULL, ''),
	(723, 'SAN RAMON 530/PRESIDENTE 50', NULL, ''),
	(724, 'PUERTO CEIBA 29', NULL, ''),
	(725, 'RABASA 146', NULL, ''),
	(726, 'LIENZO CHARRO', NULL, ''),
	(727, 'SEN 2', NULL, ''),
	(728, 'COSTERO 7/CD DEL CARMEN', NULL, ''),
	(729, 'IRIDE 6126', NULL, ''),
	(730, 'CIUDAD HIDALGO CHIS', NULL, ''),
	(731, 'SAMARIA 46', NULL, ''),
	(732, 'TALLER FRS', NULL, ''),
	(733, 'CHIPILIN 3', NULL, ''),
	(734, 'NAVEGANTE 4', NULL, ''),
	(735, 'BASE SMTH/BASE SLB', NULL, ''),
	(736, 'EL GOLPE 103', NULL, ''),
	(737, 'SAMRIA 86A', NULL, ''),
	(738, 'SATA ANA 670', NULL, ''),
	(739, 'SANTA ANA 260', NULL, ''),
	(740, 'YAGUAL 2D', NULL, ''),
	(741, 'ARTEZA 358', NULL, ''),
	(742, 'SUNUAPA 412/SANTA ANA 670', NULL, ''),
	(743, '5 PRESIDENTES 523', NULL, ''),
	(744, 'IRIDE 724', NULL, ''),
	(745, 'SAMARIA 6112', NULL, ''),
	(746, 'BSE SATELITE', NULL, ''),
	(747, 'SAMARIA 6084', NULL, ''),
	(748, 'BRICOL 11/PARETO 2', NULL, ''),
	(749, 'CD HIDALGO CHIS', NULL, ''),
	(750, 'SAMARIA 1198', NULL, ''),
	(751, 'DSAMARIA 908', NULL, ''),
	(752, 'SAMARIA 102A', NULL, ''),
	(753, 'CARDENAS 129', NULL, ''),
	(754, 'SAMARIA 607', NULL, ''),
	(755, 'BASE OJEITOR', NULL, ''),
	(756, 'TINTAL 102', NULL, ''),
	(757, 'TEOTLECO 15', NULL, ''),
	(758, 'DISTRITO REFORMA', NULL, ''),
	(759, 'SAMARIA 1712', NULL, ''),
	(760, 'COSTERO 15', NULL, ''),
	(761, 'AGENCIA DETROIT', NULL, ''),
	(762, 'IRIDE 174', NULL, ''),
	(763, 'BEDEL 22', NULL, ''),
	(764, 'TECO 628', NULL, ''),
	(765, 'JUJO 52', NULL, ''),
	(766, 'GAUCHO 35', NULL, ''),
	(767, 'VERNET 293', NULL, ''),
	(768, 'PTO CEIBA 106/JUJO 506', NULL, ''),
	(769, 'BASE SLB/ACT. REFORMA', NULL, ''),
	(770, 'MADREFIL 11', NULL, ''),
	(771, 'BASE COMALCALCO', NULL, ''),
	(772, 'TOPCO/TERRA 114', NULL, ''),
	(773, 'SANCHEZ MAGALLANES 124', NULL, ''),
	(774, 'PARETO 2/PARETO 4', NULL, '');
/*!40000 ALTER TABLE `ubicaciones` ENABLE KEYS */;

-- Volcando datos para la tabla logomex.usuarios: ~3 rows (aproximadamente)
DELETE FROM `usuarios`;
/*!40000 ALTER TABLE `usuarios` DISABLE KEYS */;
INSERT INTO `usuarios` (`id`, `user_name`, `tipo_usuario_id`, `user_password`, `user_real_name`, `status`) VALUES
	(1, 'bren', 2, 'Bulls', 'La Bren', 0),
	(2, 'luar', 1, 'Berenice7', 'El Luar', 1),
	(3, 'Diarrea', 2, 'bully', 'Tu Cola', 0);
/*!40000 ALTER TABLE `usuarios` ENABLE KEYS */;

-- Volcando datos para la tabla logomex.vehiculos: ~0 rows (aproximadamente)
DELETE FROM `vehiculos`;
/*!40000 ALTER TABLE `vehiculos` DISABLE KEYS */;
INSERT INTO `vehiculos` (`id`, `tipo_vehiculos_id`, `numero`, `economico`, `placas`, `serie`, `activo`, `nip`) VALUES
	(1, 2, 1, 'LG-01', '', '', 1, ''),
	(2, 2, 3, 'LG-03', '', '', 1, ''),
	(3, 7, 5, 'LG-05', '', '', 1, ''),
	(4, 2, 8, 'LG-08', '', '', 1, ''),
	(5, 1, 10, 'LG-10', '', '', 1, ''),
	(6, 2, 12, 'LG-12', '', '', 1, ''),
	(7, 2, 13, 'LG-13', '', '', 1, ''),
	(8, 1, 14, 'LG-14', '', '', 1, ''),
	(9, 2, 15, 'LG-15', '', '', 1, ''),
	(10, 2, 16, 'LG-16', '', '', 1, ''),
	(11, 2, 17, 'LG-17', '', '', 1, ''),
	(12, 2, 18, 'LG-18', '', '', 1, ''),
	(13, 2, 19, 'LG-19', '', '', 1, ''),
	(14, 3, 20, 'LG-20', '', '', 1, ''),
	(15, 6, 21, 'LG-21', '', '', 1, ''),
	(16, 3, 22, 'LG-22', '', '', 1, ''),
	(17, 2, 23, 'LG-23', '', '', 1, ''),
	(18, 2, 24, 'LG-24', '', '', 1, ''),
	(19, 2, 25, 'LG-25', '', '', 1, ''),
	(20, 1, 26, 'LG-26', '', '', 1, ''),
	(21, 1, 27, 'LG-27', '', '', 1, ''),
	(22, 6, 28, 'LG-28', '', '', 1, ''),
	(23, 2, 29, 'LG-29', '', '', 1, ''),
	(24, 2, 30, 'LG-30', '', '', 1, ''),
	(25, 3, 31, 'LG-31', '', '', 1, ''),
	(26, 2, 32, 'LG-32', '', '', 1, ''),
	(27, 5, 33, 'LG-33', '', '', 1, ''),
	(28, 1, 34, 'LG-34', '', '', 1, '');
/*!40000 ALTER TABLE `vehiculos` ENABLE KEYS */;
/*!40101 SET SQL_MODE=IFNULL(@OLD_SQL_MODE, '') */;
/*!40014 SET FOREIGN_KEY_CHECKS=IF(@OLD_FOREIGN_KEY_CHECKS IS NULL, 1, @OLD_FOREIGN_KEY_CHECKS) */;
/*!40101 SET CHARACTER_SET_CLIENT=@OLD_CHARACTER_SET_CLIENT */;
